,img,label
0,img_0001,1
1,img_0002,1
2,img_0003,1
3,img_0004,1
4,img_0005,1
5,img_0006,1
6,img_0007,1
7,img_0008,1
8,img_0009,1
9,img_0010,1
10,img_0011,1
11,img_0012,1
12,img_0013,1
13,img_0014,1
14,img_0015,1
15,img_0016,1
16,img_0017,1
17,img_0018,1
18,img_0019,1
19,img_0020,1
20,img_0021,1
21,img_0022,1
22,img_0023,1
23,img_0024,1
24,img_0025,1
25,img_0026,1
26,img_0027,1
27,img_0028,1
28,img_0029,1
29,img_0030,1
30,img_0031,1
31,img_0032,1
32,img_0033,1
33,img_0034,1
34,img_0035,1
35,img_0036,1
36,img_0037,1
37,img_0038,1
38,img_0039,1
39,img_0040,1
40,img_0041,1
41,img_0042,1
42,img_0043,1
43,img_0044,1
44,img_0045,1
45,img_0046,1
46,img_0047,1
47,img_0048,1
48,img_0049,1
49,img_0050,1
50,img_0051,1
51,img_0052,1
52,img_0053,1
53,img_0054,1
54,img_0055,1
55,img_0056,1
56,img_0057,1
57,img_0058,1
58,img_0059,1
59,img_0060,1
60,img_0061,1
61,img_0062,1
62,img_0063,1
63,img_0064,1
64,img_0065,1
65,img_0066,1
66,img_0067,1
67,img_0068,1
68,img_0069,1
69,img_0070,1
70,img_0071,1
71,img_0072,1
72,img_0073,1
73,img_0074,1
74,img_0075,1
75,img_0076,1
76,img_0077,1
77,img_0078,1
78,img_0079,1
79,img_0080,1
80,img_0081,1
81,img_0082,1
82,img_0083,1
83,img_0084,1
84,img_0085,1
85,img_0086,1
86,img_0087,1
87,img_0088,1
88,img_0089,1
89,img_0090,1
90,img_0091,1
91,img_0092,1
92,img_0093,1
93,img_0094,1
94,img_0095,1
95,img_0096,1
96,img_0097,1
97,img_0098,1
98,img_0099,1
99,img_0100,1
100,img_0101,1
101,img_0102,1
102,img_0103,1
103,img_0104,1
104,img_0105,1
105,img_0106,1
106,img_0107,1
107,img_0108,1
108,img_0109,1
109,img_0110,1
110,img_0111,1
111,img_0112,1
112,img_0113,1
113,img_0114,1
114,img_0115,1
115,img_0116,1
116,img_0117,1
117,img_0118,1
118,img_0119,1
119,img_0120,1
120,img_0121,1
121,img_0122,1
122,img_0123,1
123,img_0124,1
124,img_0125,1
125,img_0126,1
126,img_0127,1
127,img_0128,1
128,img_0129,1
129,img_0130,1
130,img_0131,1
131,img_0132,1
132,img_0133,1
133,img_0134,1
134,img_0135,1
135,img_0136,1
136,img_0137,1
137,img_0138,1
138,img_0139,1
139,img_0140,1
140,img_0141,1
141,img_0142,1
142,img_0143,1
143,img_0144,1
144,img_0145,1
145,img_0146,1
146,img_0147,1
147,img_0148,1
148,img_0149,1
149,img_0150,1
150,img_0151,1
151,img_0152,1
152,img_0153,1
153,img_0154,1
154,img_0155,1
155,img_0156,1
156,img_0157,1
157,img_0158,1
158,img_0159,1
159,img_0160,1
160,img_0161,1
161,img_0162,1
162,img_0163,1
163,img_0164,1
164,img_0165,1
165,img_0166,1
166,img_0167,1
167,img_0168,1
168,img_0169,1
169,img_0170,1
170,img_0171,1
171,img_0172,1
172,img_0173,1
173,img_0174,1
174,img_0175,1
175,img_0176,1
176,img_0177,1
177,img_0178,1
178,img_0179,1
179,img_0180,1
180,img_0181,1
181,img_0182,1
182,img_0183,1
183,img_0184,1
184,img_0185,1
185,img_0186,1
186,img_0187,1
187,img_0188,1
188,img_0189,1
189,img_0190,1
190,img_0191,1
191,img_0192,1
192,img_0193,1
193,img_0194,1
194,img_0195,1
195,img_0196,1
196,img_0197,1
197,img_0198,1
198,img_0199,1
199,img_0200,1
200,img_0201,1
201,img_0202,1
202,img_0203,1
203,img_0204,1
204,img_0205,1
205,img_0206,1
206,img_0207,1
207,img_0208,1
208,img_0209,1
209,img_0210,1
210,img_0211,1
211,img_0212,1
212,img_0213,1
213,img_0214,1
214,img_0215,1
215,img_0216,1
216,img_0217,1
217,img_0218,1
218,img_0219,1
219,img_0220,1
220,img_0221,1
221,img_0222,1
222,img_0223,1
223,img_0224,1
224,img_0225,1
225,img_0226,1
226,img_0227,1
227,img_0228,1
228,img_0229,1
229,img_0230,1
230,img_0231,1
231,img_0232,1
232,img_0233,1
233,img_0234,1
234,img_0235,1
235,img_0236,1
236,img_0237,1
237,img_0238,1
238,img_0239,1
239,img_0240,1
240,img_0241,1
241,img_0242,1
242,img_0243,1
243,img_0244,1
244,img_0245,1
245,img_0246,1
246,img_0247,1
247,img_0248,1
248,img_0249,1
249,img_0250,1
250,img_0251,1
251,img_0252,1
252,img_0253,1
253,img_0254,1
254,img_0255,1
255,img_0256,1
256,img_0257,1
257,img_0258,1
258,img_0259,1
259,img_0260,1
260,img_0261,1
261,img_0262,1
262,img_0263,1
263,img_0264,1
264,img_0265,1
265,img_0266,1
266,img_0267,1
267,img_0268,1
268,img_0269,1
269,img_0270,1
270,img_0271,1
271,img_0272,1
272,img_0273,1
273,img_0274,1
274,img_0275,1
275,img_0276,1
276,img_0277,1
277,img_0278,1
278,img_0279,1
279,img_0280,1
280,img_0281,1
281,img_0282,1
282,img_0283,1
283,img_0284,1
284,img_0285,1
285,img_0286,1
286,img_0287,1
287,img_0288,1
288,img_0289,1
289,img_0290,1
290,img_0291,1
291,img_0292,1
292,img_0293,1
293,img_0294,1
294,img_0295,1
295,img_0296,1
296,img_0297,1
297,img_0298,1
298,img_0299,1
299,img_0300,1
300,img_0301,1
301,img_0302,1
302,img_0303,1
303,img_0304,1
304,img_0305,1
305,img_0306,1
306,img_0307,1
307,img_0308,1
308,img_0309,1
309,img_0310,1
310,img_0311,1
311,img_0312,1
312,img_0313,1
313,img_0314,1
314,img_0315,1
315,img_0316,1
316,img_0317,1
317,img_0318,1
318,img_0319,1
319,img_0320,1
320,img_0321,1
321,img_0322,1
322,img_0323,1
323,img_0324,1
324,img_0325,1
325,img_0326,1
326,img_0327,1
327,img_0328,1
328,img_0329,1
329,img_0330,1
330,img_0331,1
331,img_0332,1
332,img_0333,1
333,img_0334,1
334,img_0335,1
335,img_0336,1
336,img_0337,1
337,img_0338,1
338,img_0339,1
339,img_0340,1
340,img_0341,1
341,img_0342,1
342,img_0343,1
343,img_0344,1
344,img_0345,1
345,img_0346,1
346,img_0347,1
347,img_0348,1
348,img_0349,1
349,img_0350,1
350,img_0351,1
351,img_0352,1
352,img_0353,1
353,img_0354,1
354,img_0355,1
355,img_0356,1
356,img_0357,1
357,img_0358,1
358,img_0359,1
359,img_0360,1
360,img_0361,1
361,img_0362,1
362,img_0363,1
363,img_0364,1
364,img_0365,1
365,img_0366,1
366,img_0367,1
367,img_0368,1
368,img_0369,1
369,img_0370,1
370,img_0371,1
371,img_0372,1
372,img_0373,1
373,img_0374,1
374,img_0375,1
375,img_0376,1
376,img_0377,1
377,img_0378,1
378,img_0379,1
379,img_0380,1
380,img_0381,1
381,img_0382,1
382,img_0383,1
383,img_0384,1
384,img_0385,1
385,img_0386,1
386,img_0387,1
387,img_0388,1
388,img_0389,1
389,img_0390,1
390,img_0391,1
391,img_0392,1
392,img_0393,1
393,img_0394,1
394,img_0395,1
395,img_0396,1
396,img_0397,1
397,img_0398,1
398,img_0399,1
399,img_0400,1
400,img_0401,1
401,img_0402,1
402,img_0403,1
403,img_0404,1
404,img_0405,1
405,img_0406,1
406,img_0407,1
407,img_0408,1
408,img_0409,1
409,img_0410,1
410,img_0411,1
411,img_0412,1
412,img_0413,1
413,img_0414,1
414,img_0415,1
415,img_0416,1
416,img_0417,1
417,img_0418,1
418,img_0419,1
419,img_0420,1
420,img_0421,1
421,img_0422,1
422,img_0423,1
423,img_0424,1
424,img_0425,1
425,img_0426,1
426,img_0427,1
427,img_0428,1
428,img_0429,1
429,img_0430,1
430,img_0431,1
431,img_0432,1
432,img_0433,1
433,img_0434,1
434,img_0435,1
435,img_0436,1
436,img_0437,1
437,img_0438,1
438,img_0439,1
439,img_0440,1
440,img_0441,1
441,img_0442,1
442,img_0443,1
443,img_0444,1
444,img_0445,1
445,img_0446,1
446,img_0447,1
447,img_0448,1
448,img_0449,1
449,img_0450,1
450,img_0451,1
451,img_0452,1
452,img_0453,1
453,img_0454,1
454,img_0455,1
455,img_0456,1
456,img_0457,1
457,img_0458,1
458,img_0459,1
459,img_0460,1
460,img_0461,1
461,img_0462,1
462,img_0463,1
463,img_0464,1
464,img_0465,1
465,img_0466,1
466,img_0467,1
467,img_0468,1
468,img_0469,1
469,img_0470,1
470,img_0471,1
471,img_0472,1
472,img_0473,1
473,img_0474,1
474,img_0475,1
475,img_0476,1
476,img_0477,1
477,img_0478,1
478,img_0479,1
479,img_0480,1
480,img_0481,1
481,img_0482,1
482,img_0483,1
483,img_0484,1
484,img_0485,1
485,img_0486,1
486,img_0487,1
487,img_0488,1
488,img_0489,1
489,img_0490,1
490,img_0491,1
491,img_0492,1
492,img_0493,1
493,img_0494,1
494,img_0495,1
495,img_0496,1
496,img_0497,1
497,img_0498,1
498,img_0499,1
499,img_0500,1
500,img_0501,1
501,img_0502,1
502,img_0503,1
503,img_0504,1
504,img_0505,1
505,img_0506,1
506,img_0507,1
507,img_0508,1
508,img_0509,1
509,img_0510,1
510,img_0511,1
511,img_0512,1
512,img_0513,1
513,img_0514,1
514,img_0515,1
515,img_0516,1
516,img_0517,1
517,img_0518,1
518,img_0519,1
519,img_0520,1
520,img_0521,1
521,img_0522,1
522,img_0523,1
523,img_0524,1
524,img_0525,1
525,img_0526,1
526,img_0527,1
527,img_0528,1
528,img_0529,1
529,img_0530,1
530,img_0531,1
531,img_0532,1
532,img_0533,1
533,img_0534,1
534,img_0535,1
535,img_0536,1
536,img_0537,1
537,img_0538,1
538,img_0539,1
539,img_0540,1
540,img_0541,1
541,img_0542,1
542,img_0543,1
543,img_0544,1
544,img_0545,1
545,img_0546,1
546,img_0547,1
547,img_0548,1
548,img_0549,1
549,img_0550,1
550,img_0551,1
551,img_0552,1
552,img_0553,1
553,img_0554,1
554,img_0555,1
555,img_0556,1
556,img_0557,1
557,img_0558,1
558,img_0559,1
559,img_0560,1
560,img_0561,1
561,img_0562,1
562,img_0563,1
563,img_0564,1
564,img_0565,1
565,img_0566,1
566,img_0567,1
567,img_0568,1
568,img_0569,1
569,img_0570,1
570,img_0571,1
571,img_0572,1
572,img_0573,1
573,img_0574,1
574,img_0575,1
575,img_0576,1
576,img_0577,1
577,img_0578,1
578,img_0579,1
579,img_0580,1
580,img_0581,1
581,img_0582,1
582,img_0583,1
583,img_0584,1
584,img_0585,1
585,img_0586,1
586,img_0587,1
587,img_0588,1
588,img_0589,1
589,img_0590,1
590,img_0591,1
591,img_0592,1
592,img_0593,1
593,img_0594,1
594,img_0595,1
595,img_0596,1
596,img_0597,1
597,img_0598,1
598,img_0599,1
599,img_0600,1
600,img_0601,1
601,img_0602,1
602,img_0603,1
603,img_0604,1
604,img_0605,1
605,img_0606,1
606,img_0607,1
607,img_0608,1
608,img_0609,1
609,img_0610,1
610,img_0611,1
611,img_0612,1
612,img_0613,1
613,img_0614,1
614,img_0615,1
615,img_0616,1
616,img_0617,1
617,img_0618,1
618,img_0619,1
619,img_0620,1
620,img_0621,1
621,img_0622,1
622,img_0623,1
623,img_0624,1
624,img_0625,1
625,img_0626,1
626,img_0627,1
627,img_0628,1
628,img_0629,1
629,img_0630,1
630,img_0631,1
631,img_0632,1
632,img_0633,1
633,img_0634,1
634,img_0635,1
635,img_0636,1
636,img_0637,1
637,img_0638,1
638,img_0639,1
639,img_0640,1
640,img_0641,1
641,img_0642,1
642,img_0643,1
643,img_0644,1
644,img_0645,1
645,img_0646,1
646,img_0647,1
647,img_0648,1
648,img_0649,1
649,img_0650,1
650,img_0651,1
651,img_0652,1
652,img_0653,1
653,img_0654,1
654,img_0655,1
655,img_0656,1
656,img_0657,1
657,img_0658,1
658,img_0659,1
659,img_0660,1
660,img_0661,1
661,img_0662,1
662,img_0663,1
663,img_0664,1
664,img_0665,1
665,img_0666,1
666,img_0667,1
667,img_0668,1
668,img_0669,1
669,img_0670,1
670,img_0671,1
671,img_0672,1
672,img_0673,1
673,img_0674,1
674,img_0675,1
675,img_0676,1
676,img_0677,1
677,img_0678,1
678,img_0679,1
679,img_0680,1
680,img_0681,1
681,img_0682,1
682,img_0683,1
683,img_0684,1
684,img_0685,1
685,img_0686,1
686,img_0687,1
687,img_0688,1
688,img_0689,1
689,img_0690,1
690,img_0691,1
691,img_0692,1
692,img_0693,1
693,img_0694,1
694,img_0695,1
695,img_0696,1
696,img_0697,1
697,img_0698,1
698,img_0699,1
699,img_0700,1
700,img_0701,1
701,img_0702,1
702,img_0703,1
703,img_0704,1
704,img_0705,1
705,img_0706,1
706,img_0707,1
707,img_0708,1
708,img_0709,1
709,img_0710,1
710,img_0711,1
711,img_0712,1
712,img_0713,1
713,img_0714,1
714,img_0715,1
715,img_0716,1
716,img_0717,1
717,img_0718,1
718,img_0719,1
719,img_0720,1
720,img_0721,1
721,img_0722,1
722,img_0723,1
723,img_0724,1
724,img_0725,1
725,img_0726,1
726,img_0727,1
727,img_0728,1
728,img_0729,1
729,img_0730,1
730,img_0731,1
731,img_0732,1
732,img_0733,1
733,img_0734,1
734,img_0735,1
735,img_0736,1
736,img_0737,1
737,img_0738,1
738,img_0739,1
739,img_0740,1
740,img_0741,1
741,img_0742,1
742,img_0743,1
743,img_0744,1
744,img_0745,1
745,img_0746,1
746,img_0747,1
747,img_0748,1
748,img_0749,1
749,img_0750,1
750,img_0751,1
751,img_0752,1
752,img_0753,1
753,img_0754,1
754,img_0755,1
755,img_0756,1
756,img_0757,1
757,img_0758,1
758,img_0759,1
759,img_0760,1
760,img_0761,1
761,img_0762,1
762,img_0763,1
763,img_0764,1
764,img_0765,1
765,img_0766,1
766,img_0767,1
767,img_0768,1
768,img_0769,1
769,img_0770,1
770,img_0771,1
771,img_0772,1
772,img_0773,1
773,img_0774,1
774,img_0775,1
775,img_0776,1
776,img_0777,1
777,img_0778,1
778,img_0779,1
779,img_0780,1
780,img_0781,1
781,img_0782,1
782,img_0783,1
783,img_0784,1
784,img_0785,1
785,img_0786,1
786,img_0787,1
787,img_0788,1
788,img_0789,1
789,img_0790,1
790,img_0791,1
791,img_0792,1
792,img_0793,1
793,img_0794,1
794,img_0795,1
795,img_0796,1
796,img_0797,1
797,img_0798,1
798,img_0799,1
799,img_0800,1
800,img_0801,1
801,img_0802,1
802,img_0803,1
803,img_0804,1
804,img_0805,1
805,img_0806,1
806,img_0807,1
807,img_0808,1
808,img_0809,1
809,img_0810,1
810,img_0811,1
811,img_0812,1
812,img_0813,1
813,img_0814,1
814,img_0815,1
815,img_0816,1
816,img_0817,1
817,img_0818,1
818,img_0819,1
819,img_0820,1
820,img_0821,1
821,img_0822,1
822,img_0823,1
823,img_0824,1
824,img_0825,1
825,img_0826,1
826,img_0827,1
827,img_0828,1
828,img_0829,1
829,img_0830,1
830,img_0831,1
831,img_0832,1
832,img_0833,1
833,img_0834,1
834,img_0835,1
835,img_0836,1
836,img_0837,1
837,img_0838,1
838,img_0839,1
839,img_0840,1
840,img_0841,1
841,img_0842,1
842,img_0843,1
843,img_0844,1
844,img_0845,1
845,img_0846,1
846,img_0847,1
847,img_0848,1
848,img_0849,1
849,img_0850,1
850,img_0851,1
851,img_0852,1
852,img_0853,1
853,img_0854,1
854,img_0855,1
855,img_0856,1
856,img_0857,1
857,img_0858,1
858,img_0859,1
859,img_0860,1
860,img_0861,1
861,img_0862,1
862,img_0863,1
863,img_0864,1
864,img_0865,1
865,img_0866,1
866,img_0867,1
867,img_0868,1
868,img_0869,1
869,img_0870,1
870,img_0871,1
871,img_0872,1
872,img_0873,1
873,img_0874,1
874,img_0875,1
875,img_0876,1
876,img_0877,1
877,img_0878,1
878,img_0879,1
879,img_0880,1
880,img_0881,1
881,img_0882,1
882,img_0883,1
883,img_0884,1
884,img_0885,1
885,img_0886,1
886,img_0887,1
887,img_0888,1
888,img_0889,1
889,img_0890,1
890,img_0891,1
891,img_0892,1
892,img_0893,1
893,img_0894,1
894,img_0895,1
895,img_0896,1
896,img_0897,1
897,img_0898,1
898,img_0899,1
899,img_0900,1
900,img_0901,1
901,img_0902,1
902,img_0903,1
903,img_0904,1
904,img_0905,1
905,img_0906,1
906,img_0907,1
907,img_0908,1
908,img_0909,1
909,img_0910,1
910,img_0911,1
911,img_0912,1
912,img_0913,1
913,img_0914,1
914,img_0915,1
915,img_0916,1
916,img_0917,1
917,img_0918,1
918,img_0919,1
919,img_0920,1
920,img_0921,1
921,img_0922,1
922,img_0923,1
923,img_0924,1
924,img_0925,1
925,img_0926,1
926,img_0927,1
927,img_0928,1
928,img_0929,1
929,img_0930,1
930,img_0931,1
931,img_0932,1
932,img_0933,1
933,img_0934,1
934,img_0935,1
935,img_0936,1
936,img_0937,1
937,img_0938,1
938,img_0939,1
939,img_0940,1
940,img_0941,1
941,img_0942,1
942,img_0943,1
943,img_0944,1
944,img_0945,1
945,img_0946,1
946,img_0947,1
947,img_0948,1
948,img_0949,1
949,img_0950,1
950,img_0951,1
951,img_0952,1
952,img_0953,1
953,img_0954,1
954,img_0955,1
955,img_0956,1
956,img_0957,1
957,img_0958,1
958,img_0959,1
959,img_0960,1
960,img_0961,1
961,img_0962,1
962,img_0963,1
963,img_0964,1
964,img_0965,1
965,img_0966,1
966,img_0967,1
967,img_0968,1
968,img_0969,1
969,img_0970,1
970,img_0971,1
971,img_0972,1
972,img_0973,1
973,img_0974,1
974,img_0975,1
975,img_0976,1
976,img_0977,1
977,img_0978,1
978,img_0979,1
979,img_0980,1
980,img_0981,1
981,img_0982,1
982,img_0983,1
983,img_0984,1
984,img_0985,1
985,img_0986,1
986,img_0987,1
987,img_0988,1
988,img_0989,1
989,img_0990,1
990,img_0991,1
991,img_0992,1
992,img_0993,1
993,img_0994,1
994,img_0995,1
995,img_0996,1
996,img_0997,1
997,img_0998,1
998,img_0999,1
999,img_1000,1
1000,img_1001,2
1001,img_1002,2
1002,img_1003,2
1003,img_1004,2
1004,img_1005,2
1005,img_1006,2
1006,img_1007,2
1007,img_1008,2
1008,img_1009,2
1009,img_1010,2
1010,img_1011,2
1011,img_1012,2
1012,img_1013,2
1013,img_1014,2
1014,img_1015,2
1015,img_1016,2
1016,img_1017,2
1017,img_1018,2
1018,img_1019,2
1019,img_1020,2
1020,img_1021,2
1021,img_1022,2
1022,img_1023,2
1023,img_1024,2
1024,img_1025,2
1025,img_1026,2
1026,img_1027,2
1027,img_1028,2
1028,img_1029,2
1029,img_1030,2
1030,img_1031,2
1031,img_1032,2
1032,img_1033,2
1033,img_1034,2
1034,img_1035,2
1035,img_1036,2
1036,img_1037,2
1037,img_1038,2
1038,img_1039,2
1039,img_1040,2
1040,img_1041,2
1041,img_1042,2
1042,img_1043,2
1043,img_1044,2
1044,img_1045,2
1045,img_1046,2
1046,img_1047,2
1047,img_1048,2
1048,img_1049,2
1049,img_1050,2
1050,img_1051,2
1051,img_1052,2
1052,img_1053,2
1053,img_1054,2
1054,img_1055,2
1055,img_1056,2
1056,img_1057,2
1057,img_1058,2
1058,img_1059,2
1059,img_1060,2
1060,img_1061,2
1061,img_1062,2
1062,img_1063,2
1063,img_1064,2
1064,img_1065,2
1065,img_1066,2
1066,img_1067,2
1067,img_1068,2
1068,img_1069,2
1069,img_1070,2
1070,img_1071,2
1071,img_1072,2
1072,img_1073,2
1073,img_1074,2
1074,img_1075,2
1075,img_1076,2
1076,img_1077,2
1077,img_1078,2
1078,img_1079,2
1079,img_1080,2
1080,img_1081,2
1081,img_1082,2
1082,img_1083,2
1083,img_1084,2
1084,img_1085,2
1085,img_1086,2
1086,img_1087,2
1087,img_1088,2
1088,img_1089,2
1089,img_1090,2
1090,img_1091,2
1091,img_1092,2
1092,img_1093,2
1093,img_1094,2
1094,img_1095,2
1095,img_1096,2
1096,img_1097,2
1097,img_1098,2
1098,img_1099,2
1099,img_1100,2
1100,img_1101,2
1101,img_1102,2
1102,img_1103,2
1103,img_1104,2
1104,img_1105,2
1105,img_1106,2
1106,img_1107,2
1107,img_1108,2
1108,img_1109,2
1109,img_1110,2
1110,img_1111,2
1111,img_1112,2
1112,img_1113,2
1113,img_1114,2
1114,img_1115,2
1115,img_1116,2
1116,img_1117,2
1117,img_1118,2
1118,img_1119,2
1119,img_1120,2
1120,img_1121,2
1121,img_1122,2
1122,img_1123,2
1123,img_1124,2
1124,img_1125,2
1125,img_1126,2
1126,img_1127,2
1127,img_1128,2
1128,img_1129,2
1129,img_1130,2
1130,img_1131,2
1131,img_1132,2
1132,img_1133,2
1133,img_1134,2
1134,img_1135,2
1135,img_1136,2
1136,img_1137,2
1137,img_1138,2
1138,img_1139,2
1139,img_1140,2
1140,img_1141,2
1141,img_1142,2
1142,img_1143,2
1143,img_1144,2
1144,img_1145,2
1145,img_1146,2
1146,img_1147,2
1147,img_1148,2
1148,img_1149,2
1149,img_1150,2
1150,img_1151,2
1151,img_1152,2
1152,img_1153,2
1153,img_1154,2
1154,img_1155,2
1155,img_1156,2
1156,img_1157,2
1157,img_1158,2
1158,img_1159,2
1159,img_1160,2
1160,img_1161,2
1161,img_1162,2
1162,img_1163,2
1163,img_1164,2
1164,img_1165,2
1165,img_1166,2
1166,img_1167,2
1167,img_1168,2
1168,img_1169,2
1169,img_1170,2
1170,img_1171,2
1171,img_1172,2
1172,img_1173,2
1173,img_1174,2
1174,img_1175,2
1175,img_1176,2
1176,img_1177,2
1177,img_1178,2
1178,img_1179,2
1179,img_1180,2
1180,img_1181,2
1181,img_1182,2
1182,img_1183,2
1183,img_1184,2
1184,img_1185,2
1185,img_1186,2
1186,img_1187,2
1187,img_1188,2
1188,img_1189,2
1189,img_1190,2
1190,img_1191,2
1191,img_1192,2
1192,img_1193,2
1193,img_1194,2
1194,img_1195,2
1195,img_1196,2
1196,img_1197,2
1197,img_1198,2
1198,img_1199,2
1199,img_1200,2
1200,img_1201,2
1201,img_1202,2
1202,img_1203,2
1203,img_1204,2
1204,img_1205,2
1205,img_1206,2
1206,img_1207,2
1207,img_1208,2
1208,img_1209,2
1209,img_1210,2
1210,img_1211,2
1211,img_1212,2
1212,img_1213,2
1213,img_1214,2
1214,img_1215,2
1215,img_1216,2
1216,img_1217,2
1217,img_1218,2
1218,img_1219,2
1219,img_1220,2
1220,img_1221,2
1221,img_1222,2
1222,img_1223,2
1223,img_1224,2
1224,img_1225,2
1225,img_1226,2
1226,img_1227,2
1227,img_1228,2
1228,img_1229,2
1229,img_1230,2
1230,img_1231,2
1231,img_1232,2
1232,img_1233,2
1233,img_1234,2
1234,img_1235,2
1235,img_1236,2
1236,img_1237,2
1237,img_1238,2
1238,img_1239,2
1239,img_1240,2
1240,img_1241,2
1241,img_1242,2
1242,img_1243,2
1243,img_1244,2
1244,img_1245,2
1245,img_1246,2
1246,img_1247,2
1247,img_1248,2
1248,img_1249,2
1249,img_1250,2
1250,img_1251,2
1251,img_1252,2
1252,img_1253,2
1253,img_1254,2
1254,img_1255,2
1255,img_1256,2
1256,img_1257,2
1257,img_1258,2
1258,img_1259,2
1259,img_1260,2
1260,img_1261,2
1261,img_1262,2
1262,img_1263,2
1263,img_1264,2
1264,img_1265,2
1265,img_1266,2
1266,img_1267,2
1267,img_1268,2
1268,img_1269,2
1269,img_1270,2
1270,img_1271,2
1271,img_1272,2
1272,img_1273,2
1273,img_1274,2
1274,img_1275,2
1275,img_1276,2
1276,img_1277,2
1277,img_1278,2
1278,img_1279,2
1279,img_1280,2
1280,img_1281,2
1281,img_1282,2
1282,img_1283,2
1283,img_1284,2
1284,img_1285,2
1285,img_1286,2
1286,img_1287,2
1287,img_1288,2
1288,img_1289,2
1289,img_1290,2
1290,img_1291,2
1291,img_1292,2
1292,img_1293,2
1293,img_1294,2
1294,img_1295,2
1295,img_1296,2
1296,img_1297,2
1297,img_1298,2
1298,img_1299,2
1299,img_1300,2
1300,img_1301,2
1301,img_1302,2
1302,img_1303,2
1303,img_1304,2
1304,img_1305,2
1305,img_1306,2
1306,img_1307,2
1307,img_1308,2
1308,img_1309,2
1309,img_1310,2
1310,img_1311,2
1311,img_1312,2
1312,img_1313,2
1313,img_1314,2
1314,img_1315,2
1315,img_1316,2
1316,img_1317,2
1317,img_1318,2
1318,img_1319,2
1319,img_1320,2
1320,img_1321,2
1321,img_1322,2
1322,img_1323,2
1323,img_1324,2
1324,img_1325,2
1325,img_1326,2
1326,img_1327,2
1327,img_1328,2
1328,img_1329,2
1329,img_1330,2
1330,img_1331,2
1331,img_1332,2
1332,img_1333,2
1333,img_1334,2
1334,img_1335,2
1335,img_1336,2
1336,img_1337,2
1337,img_1338,2
1338,img_1339,2
1339,img_1340,2
1340,img_1341,2
1341,img_1342,2
1342,img_1343,2
1343,img_1344,2
1344,img_1345,2
1345,img_1346,2
1346,img_1347,2
1347,img_1348,2
1348,img_1349,2
1349,img_1350,2
1350,img_1351,2
1351,img_1352,2
1352,img_1353,2
1353,img_1354,2
1354,img_1355,2
1355,img_1356,2
1356,img_1357,2
1357,img_1358,2
1358,img_1359,2
1359,img_1360,2
1360,img_1361,2
1361,img_1362,2
1362,img_1363,2
1363,img_1364,2
1364,img_1365,2
1365,img_1366,2
1366,img_1367,2
1367,img_1368,2
1368,img_1369,2
1369,img_1370,2
1370,img_1371,2
1371,img_1372,2
1372,img_1373,2
1373,img_1374,2
1374,img_1375,2
1375,img_1376,2
1376,img_1377,2
1377,img_1378,2
1378,img_1379,2
1379,img_1380,2
1380,img_1381,2
1381,img_1382,2
1382,img_1383,2
1383,img_1384,2
1384,img_1385,2
1385,img_1386,2
1386,img_1387,2
1387,img_1388,2
1388,img_1389,2
1389,img_1390,2
1390,img_1391,2
1391,img_1392,2
1392,img_1393,2
1393,img_1394,2
1394,img_1395,2
1395,img_1396,2
1396,img_1397,2
1397,img_1398,2
1398,img_1399,2
1399,img_1400,2
1400,img_1401,2
1401,img_1402,2
1402,img_1403,2
1403,img_1404,2
1404,img_1405,2
1405,img_1406,2
1406,img_1407,2
1407,img_1408,2
1408,img_1409,2
1409,img_1410,2
1410,img_1411,2
1411,img_1412,2
1412,img_1413,2
1413,img_1414,2
1414,img_1415,2
1415,img_1416,2
1416,img_1417,2
1417,img_1418,2
1418,img_1419,2
1419,img_1420,2
1420,img_1421,2
1421,img_1422,2
1422,img_1423,2
1423,img_1424,2
1424,img_1425,2
1425,img_1426,2
1426,img_1427,2
1427,img_1428,2
1428,img_1429,2
1429,img_1430,2
1430,img_1431,2
1431,img_1432,2
1432,img_1433,2
1433,img_1434,2
1434,img_1435,2
1435,img_1436,2
1436,img_1437,2
1437,img_1438,2
1438,img_1439,2
1439,img_1440,2
1440,img_1441,2
1441,img_1442,2
1442,img_1443,2
1443,img_1444,2
1444,img_1445,2
1445,img_1446,2
1446,img_1447,2
1447,img_1448,2
1448,img_1449,2
1449,img_1450,2
1450,img_1451,2
1451,img_1452,2
1452,img_1453,2
1453,img_1454,2
1454,img_1455,2
1455,img_1456,2
1456,img_1457,2
1457,img_1458,2
1458,img_1459,2
1459,img_1460,2
1460,img_1461,2
1461,img_1462,2
1462,img_1463,2
1463,img_1464,2
1464,img_1465,2
1465,img_1466,2
1466,img_1467,2
1467,img_1468,2
1468,img_1469,2
1469,img_1470,2
1470,img_1471,2
1471,img_1472,2
1472,img_1473,2
1473,img_1474,2
1474,img_1475,2
1475,img_1476,2
1476,img_1477,2
1477,img_1478,2
1478,img_1479,2
1479,img_1480,2
1480,img_1481,2
1481,img_1482,2
1482,img_1483,2
1483,img_1484,2
1484,img_1485,2
1485,img_1486,2
1486,img_1487,2
1487,img_1488,2
1488,img_1489,2
1489,img_1490,2
1490,img_1491,2
1491,img_1492,2
1492,img_1493,2
1493,img_1494,2
1494,img_1495,2
1495,img_1496,2
1496,img_1497,2
1497,img_1498,2
1498,img_1499,2
1499,img_1500,2
1500,img_1501,2
1501,img_1502,2
1502,img_1503,2
1503,img_1504,2
1504,img_1505,2
1505,img_1506,2
1506,img_1507,2
1507,img_1508,2
1508,img_1509,2
1509,img_1510,2
1510,img_1511,2
1511,img_1512,2
1512,img_1513,2
1513,img_1514,2
1514,img_1515,2
1515,img_1516,2
1516,img_1517,2
1517,img_1518,2
1518,img_1519,2
1519,img_1520,2
1520,img_1521,2
1521,img_1522,2
1522,img_1523,2
1523,img_1524,2
1524,img_1525,2
1525,img_1526,2
1526,img_1527,2
1527,img_1528,2
1528,img_1529,2
1529,img_1530,2
1530,img_1531,2
1531,img_1532,2
1532,img_1533,2
1533,img_1534,2
1534,img_1535,2
1535,img_1536,2
1536,img_1537,2
1537,img_1538,2
1538,img_1539,2
1539,img_1540,2
1540,img_1541,2
1541,img_1542,2
1542,img_1543,2
1543,img_1544,2
1544,img_1545,2
1545,img_1546,2
1546,img_1547,2
1547,img_1548,2
1548,img_1549,2
1549,img_1550,2
1550,img_1551,2
1551,img_1552,2
1552,img_1553,2
1553,img_1554,2
1554,img_1555,2
1555,img_1556,2
1556,img_1557,2
1557,img_1558,2
1558,img_1559,2
1559,img_1560,2
1560,img_1561,2
1561,img_1562,2
1562,img_1563,2
1563,img_1564,2
1564,img_1565,2
1565,img_1566,2
1566,img_1567,2
1567,img_1568,2
1568,img_1569,2
1569,img_1570,2
1570,img_1571,2
1571,img_1572,2
1572,img_1573,2
1573,img_1574,2
1574,img_1575,2
1575,img_1576,2
1576,img_1577,2
1577,img_1578,2
1578,img_1579,2
1579,img_1580,2
1580,img_1581,2
1581,img_1582,2
1582,img_1583,2
1583,img_1584,2
1584,img_1585,2
1585,img_1586,2
1586,img_1587,2
1587,img_1588,2
1588,img_1589,2
1589,img_1590,2
1590,img_1591,2
1591,img_1592,2
1592,img_1593,2
1593,img_1594,2
1594,img_1595,2
1595,img_1596,2
1596,img_1597,2
1597,img_1598,2
1598,img_1599,2
1599,img_1600,2
1600,img_1601,2
1601,img_1602,2
1602,img_1603,2
1603,img_1604,2
1604,img_1605,2
1605,img_1606,2
1606,img_1607,2
1607,img_1608,2
1608,img_1609,2
1609,img_1610,2
1610,img_1611,2
1611,img_1612,2
1612,img_1613,2
1613,img_1614,2
1614,img_1615,2
1615,img_1616,2
1616,img_1617,2
1617,img_1618,2
1618,img_1619,2
1619,img_1620,2
1620,img_1621,2
1621,img_1622,2
1622,img_1623,2
1623,img_1624,2
1624,img_1625,2
1625,img_1626,2
1626,img_1627,2
1627,img_1628,2
1628,img_1629,2
1629,img_1630,2
1630,img_1631,2
1631,img_1632,2
1632,img_1633,2
1633,img_1634,2
1634,img_1635,2
1635,img_1636,2
1636,img_1637,2
1637,img_1638,2
1638,img_1639,2
1639,img_1640,2
1640,img_1641,2
1641,img_1642,2
1642,img_1643,2
1643,img_1644,2
1644,img_1645,2
1645,img_1646,2
1646,img_1647,2
1647,img_1648,2
1648,img_1649,2
1649,img_1650,2
1650,img_1651,2
1651,img_1652,2
1652,img_1653,2
1653,img_1654,2
1654,img_1655,2
1655,img_1656,2
1656,img_1657,2
1657,img_1658,2
1658,img_1659,2
1659,img_1660,2
1660,img_1661,2
1661,img_1662,2
1662,img_1663,2
1663,img_1664,2
1664,img_1665,2
1665,img_1666,2
1666,img_1667,2
1667,img_1668,2
1668,img_1669,2
1669,img_1670,2
1670,img_1671,2
1671,img_1672,2
1672,img_1673,2
1673,img_1674,2
1674,img_1675,2
1675,img_1676,2
1676,img_1677,2
1677,img_1678,2
1678,img_1679,2
1679,img_1680,2
1680,img_1681,2
1681,img_1682,2
1682,img_1683,2
1683,img_1684,2
1684,img_1685,2
1685,img_1686,2
1686,img_1687,2
1687,img_1688,2
1688,img_1689,2
1689,img_1690,2
1690,img_1691,2
1691,img_1692,2
1692,img_1693,2
1693,img_1694,2
1694,img_1695,2
1695,img_1696,2
1696,img_1697,2
1697,img_1698,2
1698,img_1699,2
1699,img_1700,2
1700,img_1701,2
1701,img_1702,2
1702,img_1703,2
1703,img_1704,2
1704,img_1705,2
1705,img_1706,2
1706,img_1707,2
1707,img_1708,2
1708,img_1709,2
1709,img_1710,2
1710,img_1711,2
1711,img_1712,2
1712,img_1713,2
1713,img_1714,2
1714,img_1715,2
1715,img_1716,2
1716,img_1717,2
1717,img_1718,2
1718,img_1719,2
1719,img_1720,2
1720,img_1721,2
1721,img_1722,2
1722,img_1723,2
1723,img_1724,2
1724,img_1725,2
1725,img_1726,2
1726,img_1727,2
1727,img_1728,2
1728,img_1729,2
1729,img_1730,2
1730,img_1731,2
1731,img_1732,2
1732,img_1733,2
1733,img_1734,2
1734,img_1735,2
1735,img_1736,2
1736,img_1737,2
1737,img_1738,2
1738,img_1739,2
1739,img_1740,2
1740,img_1741,2
1741,img_1742,2
1742,img_1743,2
1743,img_1744,2
1744,img_1745,2
1745,img_1746,2
1746,img_1747,2
1747,img_1748,2
1748,img_1749,2
1749,img_1750,2
1750,img_1751,2
1751,img_1752,2
1752,img_1753,2
1753,img_1754,2
1754,img_1755,2
1755,img_1756,2
1756,img_1757,2
1757,img_1758,2
1758,img_1759,2
1759,img_1760,2
1760,img_1761,2
1761,img_1762,2
1762,img_1763,2
1763,img_1764,2
1764,img_1765,2
1765,img_1766,2
1766,img_1767,2
1767,img_1768,2
1768,img_1769,2
1769,img_1770,2
1770,img_1771,2
1771,img_1772,2
1772,img_1773,2
1773,img_1774,2
1774,img_1775,2
1775,img_1776,2
1776,img_1777,2
1777,img_1778,2
1778,img_1779,2
1779,img_1780,2
1780,img_1781,2
1781,img_1782,2
1782,img_1783,2
1783,img_1784,2
1784,img_1785,2
1785,img_1786,2
1786,img_1787,2
1787,img_1788,2
1788,img_1789,2
1789,img_1790,2
1790,img_1791,2
1791,img_1792,2
1792,img_1793,2
1793,img_1794,2
1794,img_1795,2
1795,img_1796,2
1796,img_1797,2
1797,img_1798,2
1798,img_1799,2
1799,img_1800,2
1800,img_1801,2
1801,img_1802,2
1802,img_1803,2
1803,img_1804,2
1804,img_1805,2
1805,img_1806,2
1806,img_1807,2
1807,img_1808,2
1808,img_1809,2
1809,img_1810,2
1810,img_1811,2
1811,img_1812,2
1812,img_1813,2
1813,img_1814,2
1814,img_1815,2
1815,img_1816,2
1816,img_1817,2
1817,img_1818,2
1818,img_1819,2
1819,img_1820,2
1820,img_1821,2
1821,img_1822,2
1822,img_1823,2
1823,img_1824,2
1824,img_1825,2
1825,img_1826,2
1826,img_1827,2
1827,img_1828,2
1828,img_1829,2
1829,img_1830,2
1830,img_1831,2
1831,img_1832,2
1832,img_1833,2
1833,img_1834,2
1834,img_1835,2
1835,img_1836,2
1836,img_1837,2
1837,img_1838,2
1838,img_1839,2
1839,img_1840,2
1840,img_1841,2
1841,img_1842,2
1842,img_1843,2
1843,img_1844,2
1844,img_1845,2
1845,img_1846,2
1846,img_1847,2
1847,img_1848,2
1848,img_1849,2
1849,img_1850,2
1850,img_1851,2
1851,img_1852,2
1852,img_1853,2
1853,img_1854,2
1854,img_1855,2
1855,img_1856,2
1856,img_1857,2
1857,img_1858,2
1858,img_1859,2
1859,img_1860,2
1860,img_1861,2
1861,img_1862,2
1862,img_1863,2
1863,img_1864,2
1864,img_1865,2
1865,img_1866,2
1866,img_1867,2
1867,img_1868,2
1868,img_1869,2
1869,img_1870,2
1870,img_1871,2
1871,img_1872,2
1872,img_1873,2
1873,img_1874,2
1874,img_1875,2
1875,img_1876,2
1876,img_1877,2
1877,img_1878,2
1878,img_1879,2
1879,img_1880,2
1880,img_1881,2
1881,img_1882,2
1882,img_1883,2
1883,img_1884,2
1884,img_1885,2
1885,img_1886,2
1886,img_1887,2
1887,img_1888,2
1888,img_1889,2
1889,img_1890,2
1890,img_1891,2
1891,img_1892,2
1892,img_1893,2
1893,img_1894,2
1894,img_1895,2
1895,img_1896,2
1896,img_1897,2
1897,img_1898,2
1898,img_1899,2
1899,img_1900,2
1900,img_1901,2
1901,img_1902,2
1902,img_1903,2
1903,img_1904,2
1904,img_1905,2
1905,img_1906,2
1906,img_1907,2
1907,img_1908,2
1908,img_1909,2
1909,img_1910,2
1910,img_1911,2
1911,img_1912,2
1912,img_1913,2
1913,img_1914,2
1914,img_1915,2
1915,img_1916,2
1916,img_1917,2
1917,img_1918,2
1918,img_1919,2
1919,img_1920,2
1920,img_1921,2
1921,img_1922,2
1922,img_1923,2
1923,img_1924,2
1924,img_1925,2
1925,img_1926,2
1926,img_1927,2
1927,img_1928,2
1928,img_1929,2
1929,img_1930,2
1930,img_1931,2
1931,img_1932,2
1932,img_1933,2
1933,img_1934,2
1934,img_1935,2
1935,img_1936,2
1936,img_1937,2
1937,img_1938,2
1938,img_1939,2
1939,img_1940,2
1940,img_1941,2
1941,img_1942,2
1942,img_1943,2
1943,img_1944,2
1944,img_1945,2
1945,img_1946,2
1946,img_1947,2
1947,img_1948,2
1948,img_1949,2
1949,img_1950,2
1950,img_1951,2
1951,img_1952,2
1952,img_1953,2
1953,img_1954,2
1954,img_1955,2
1955,img_1956,2
1956,img_1957,2
1957,img_1958,2
1958,img_1959,2
1959,img_1960,2
1960,img_1961,2
1961,img_1962,2
1962,img_1963,2
1963,img_1964,2
1964,img_1965,2
1965,img_1966,2
1966,img_1967,2
1967,img_1968,2
1968,img_1969,2
1969,img_1970,2
1970,img_1971,2
1971,img_1972,2
1972,img_1973,2
1973,img_1974,2
1974,img_1975,2
1975,img_1976,2
1976,img_1977,2
1977,img_1978,2
1978,img_1979,2
1979,img_1980,2
1980,img_1981,2
1981,img_1982,2
1982,img_1983,2
1983,img_1984,2
1984,img_1985,2
1985,img_1986,2
1986,img_1987,2
1987,img_1988,2
1988,img_1989,2
1989,img_1990,2
1990,img_1991,2
1991,img_1992,2
1992,img_1993,2
1993,img_1994,2
1994,img_1995,2
1995,img_1996,2
1996,img_1997,2
1997,img_1998,2
1998,img_1999,2
1999,img_2000,2
2000,img_2001,3
2001,img_2002,3
2002,img_2003,3
2003,img_2004,3
2004,img_2005,3
2005,img_2006,3
2006,img_2007,3
2007,img_2008,3
2008,img_2009,3
2009,img_2010,3
2010,img_2011,3
2011,img_2012,3
2012,img_2013,3
2013,img_2014,3
2014,img_2015,3
2015,img_2016,3
2016,img_2017,3
2017,img_2018,3
2018,img_2019,3
2019,img_2020,3
2020,img_2021,3
2021,img_2022,3
2022,img_2023,3
2023,img_2024,3
2024,img_2025,3
2025,img_2026,3
2026,img_2027,3
2027,img_2028,3
2028,img_2029,3
2029,img_2030,3
2030,img_2031,3
2031,img_2032,3
2032,img_2033,3
2033,img_2034,3
2034,img_2035,3
2035,img_2036,3
2036,img_2037,3
2037,img_2038,3
2038,img_2039,3
2039,img_2040,3
2040,img_2041,3
2041,img_2042,3
2042,img_2043,3
2043,img_2044,3
2044,img_2045,3
2045,img_2046,3
2046,img_2047,3
2047,img_2048,3
2048,img_2049,3
2049,img_2050,3
2050,img_2051,3
2051,img_2052,3
2052,img_2053,3
2053,img_2054,3
2054,img_2055,3
2055,img_2056,3
2056,img_2057,3
2057,img_2058,3
2058,img_2059,3
2059,img_2060,3
2060,img_2061,3
2061,img_2062,3
2062,img_2063,3
2063,img_2064,3
2064,img_2065,3
2065,img_2066,3
2066,img_2067,3
2067,img_2068,3
2068,img_2069,3
2069,img_2070,3
2070,img_2071,3
2071,img_2072,3
2072,img_2073,3
2073,img_2074,3
2074,img_2075,3
2075,img_2076,3
2076,img_2077,3
2077,img_2078,3
2078,img_2079,3
2079,img_2080,3
2080,img_2081,3
2081,img_2082,3
2082,img_2083,3
2083,img_2084,3
2084,img_2085,3
2085,img_2086,3
2086,img_2087,3
2087,img_2088,3
2088,img_2089,3
2089,img_2090,3
2090,img_2091,3
2091,img_2092,3
2092,img_2093,3
2093,img_2094,3
2094,img_2095,3
2095,img_2096,3
2096,img_2097,3
2097,img_2098,3
2098,img_2099,3
2099,img_2100,3
2100,img_2101,3
2101,img_2102,3
2102,img_2103,3
2103,img_2104,3
2104,img_2105,3
2105,img_2106,3
2106,img_2107,3
2107,img_2108,3
2108,img_2109,3
2109,img_2110,3
2110,img_2111,3
2111,img_2112,3
2112,img_2113,3
2113,img_2114,3
2114,img_2115,3
2115,img_2116,3
2116,img_2117,3
2117,img_2118,3
2118,img_2119,3
2119,img_2120,3
2120,img_2121,3
2121,img_2122,3
2122,img_2123,3
2123,img_2124,3
2124,img_2125,3
2125,img_2126,3
2126,img_2127,3
2127,img_2128,3
2128,img_2129,3
2129,img_2130,3
2130,img_2131,3
2131,img_2132,3
2132,img_2133,3
2133,img_2134,3
2134,img_2135,3
2135,img_2136,3
2136,img_2137,3
2137,img_2138,3
2138,img_2139,3
2139,img_2140,3
2140,img_2141,3
2141,img_2142,3
2142,img_2143,3
2143,img_2144,3
2144,img_2145,3
2145,img_2146,3
2146,img_2147,3
2147,img_2148,3
2148,img_2149,3
2149,img_2150,3
2150,img_2151,3
2151,img_2152,3
2152,img_2153,3
2153,img_2154,3
2154,img_2155,3
2155,img_2156,3
2156,img_2157,3
2157,img_2158,3
2158,img_2159,3
2159,img_2160,3
2160,img_2161,3
2161,img_2162,3
2162,img_2163,3
2163,img_2164,3
2164,img_2165,3
2165,img_2166,3
2166,img_2167,3
2167,img_2168,3
2168,img_2169,3
2169,img_2170,3
2170,img_2171,3
2171,img_2172,3
2172,img_2173,3
2173,img_2174,3
2174,img_2175,3
2175,img_2176,3
2176,img_2177,3
2177,img_2178,3
2178,img_2179,3
2179,img_2180,3
2180,img_2181,3
2181,img_2182,3
2182,img_2183,3
2183,img_2184,3
2184,img_2185,3
2185,img_2186,3
2186,img_2187,3
2187,img_2188,3
2188,img_2189,3
2189,img_2190,3
2190,img_2191,3
2191,img_2192,3
2192,img_2193,3
2193,img_2194,3
2194,img_2195,3
2195,img_2196,3
2196,img_2197,3
2197,img_2198,3
2198,img_2199,3
2199,img_2200,3
2200,img_2201,3
2201,img_2202,3
2202,img_2203,3
2203,img_2204,3
2204,img_2205,3
2205,img_2206,3
2206,img_2207,3
2207,img_2208,3
2208,img_2209,3
2209,img_2210,3
2210,img_2211,3
2211,img_2212,3
2212,img_2213,3
2213,img_2214,3
2214,img_2215,3
2215,img_2216,3
2216,img_2217,3
2217,img_2218,3
2218,img_2219,3
2219,img_2220,3
2220,img_2221,3
2221,img_2222,3
2222,img_2223,3
2223,img_2224,3
2224,img_2225,3
2225,img_2226,3
2226,img_2227,3
2227,img_2228,3
2228,img_2229,3
2229,img_2230,3
2230,img_2231,3
2231,img_2232,3
2232,img_2233,3
2233,img_2234,3
2234,img_2235,3
2235,img_2236,3
2236,img_2237,3
2237,img_2238,3
2238,img_2239,3
2239,img_2240,3
2240,img_2241,3
2241,img_2242,3
2242,img_2243,3
2243,img_2244,3
2244,img_2245,3
2245,img_2246,3
2246,img_2247,3
2247,img_2248,3
2248,img_2249,3
2249,img_2250,3
2250,img_2251,3
2251,img_2252,3
2252,img_2253,3
2253,img_2254,3
2254,img_2255,3
2255,img_2256,3
2256,img_2257,3
2257,img_2258,3
2258,img_2259,3
2259,img_2260,3
2260,img_2261,3
2261,img_2262,3
2262,img_2263,3
2263,img_2264,3
2264,img_2265,3
2265,img_2266,3
2266,img_2267,3
2267,img_2268,3
2268,img_2269,3
2269,img_2270,3
2270,img_2271,3
2271,img_2272,3
2272,img_2273,3
2273,img_2274,3
2274,img_2275,3
2275,img_2276,3
2276,img_2277,3
2277,img_2278,3
2278,img_2279,3
2279,img_2280,3
2280,img_2281,3
2281,img_2282,3
2282,img_2283,3
2283,img_2284,3
2284,img_2285,3
2285,img_2286,3
2286,img_2287,3
2287,img_2288,3
2288,img_2289,3
2289,img_2290,3
2290,img_2291,3
2291,img_2292,3
2292,img_2293,3
2293,img_2294,3
2294,img_2295,3
2295,img_2296,3
2296,img_2297,3
2297,img_2298,3
2298,img_2299,3
2299,img_2300,3
2300,img_2301,3
2301,img_2302,3
2302,img_2303,3
2303,img_2304,3
2304,img_2305,3
2305,img_2306,3
2306,img_2307,3
2307,img_2308,3
2308,img_2309,3
2309,img_2310,3
2310,img_2311,3
2311,img_2312,3
2312,img_2313,3
2313,img_2314,3
2314,img_2315,3
2315,img_2316,3
2316,img_2317,3
2317,img_2318,3
2318,img_2319,3
2319,img_2320,3
2320,img_2321,3
2321,img_2322,3
2322,img_2323,3
2323,img_2324,3
2324,img_2325,3
2325,img_2326,3
2326,img_2327,3
2327,img_2328,3
2328,img_2329,3
2329,img_2330,3
2330,img_2331,3
2331,img_2332,3
2332,img_2333,3
2333,img_2334,3
2334,img_2335,3
2335,img_2336,3
2336,img_2337,3
2337,img_2338,3
2338,img_2339,3
2339,img_2340,3
2340,img_2341,3
2341,img_2342,3
2342,img_2343,3
2343,img_2344,3
2344,img_2345,3
2345,img_2346,3
2346,img_2347,3
2347,img_2348,3
2348,img_2349,3
2349,img_2350,3
2350,img_2351,3
2351,img_2352,3
2352,img_2353,3
2353,img_2354,3
2354,img_2355,3
2355,img_2356,3
2356,img_2357,3
2357,img_2358,3
2358,img_2359,3
2359,img_2360,3
2360,img_2361,3
2361,img_2362,3
2362,img_2363,3
2363,img_2364,3
2364,img_2365,3
2365,img_2366,3
2366,img_2367,3
2367,img_2368,3
2368,img_2369,3
2369,img_2370,3
2370,img_2371,3
2371,img_2372,3
2372,img_2373,3
2373,img_2374,3
2374,img_2375,3
2375,img_2376,3
2376,img_2377,3
2377,img_2378,3
2378,img_2379,3
2379,img_2380,3
2380,img_2381,3
2381,img_2382,3
2382,img_2383,3
2383,img_2384,3
2384,img_2385,3
2385,img_2386,3
2386,img_2387,3
2387,img_2388,3
2388,img_2389,3
2389,img_2390,3
2390,img_2391,3
2391,img_2392,3
2392,img_2393,3
2393,img_2394,3
2394,img_2395,3
2395,img_2396,3
2396,img_2397,3
2397,img_2398,3
2398,img_2399,3
2399,img_2400,3
2400,img_2401,3
2401,img_2402,3
2402,img_2403,3
2403,img_2404,3
2404,img_2405,3
2405,img_2406,3
2406,img_2407,3
2407,img_2408,3
2408,img_2409,3
2409,img_2410,3
2410,img_2411,3
2411,img_2412,3
2412,img_2413,3
2413,img_2414,3
2414,img_2415,3
2415,img_2416,3
2416,img_2417,3
2417,img_2418,3
2418,img_2419,3
2419,img_2420,3
2420,img_2421,3
2421,img_2422,3
2422,img_2423,3
2423,img_2424,3
2424,img_2425,3
2425,img_2426,3
2426,img_2427,3
2427,img_2428,3
2428,img_2429,3
2429,img_2430,3
2430,img_2431,3
2431,img_2432,3
2432,img_2433,3
2433,img_2434,3
2434,img_2435,3
2435,img_2436,3
2436,img_2437,3
2437,img_2438,3
2438,img_2439,3
2439,img_2440,3
2440,img_2441,3
2441,img_2442,3
2442,img_2443,3
2443,img_2444,3
2444,img_2445,3
2445,img_2446,3
2446,img_2447,3
2447,img_2448,3
2448,img_2449,3
2449,img_2450,3
2450,img_2451,3
2451,img_2452,3
2452,img_2453,3
2453,img_2454,3
2454,img_2455,3
2455,img_2456,3
2456,img_2457,3
2457,img_2458,3
2458,img_2459,3
2459,img_2460,3
2460,img_2461,3
2461,img_2462,3
2462,img_2463,3
2463,img_2464,3
2464,img_2465,3
2465,img_2466,3
2466,img_2467,3
2467,img_2468,3
2468,img_2469,3
2469,img_2470,3
2470,img_2471,3
2471,img_2472,3
2472,img_2473,3
2473,img_2474,3
2474,img_2475,3
2475,img_2476,3
2476,img_2477,3
2477,img_2478,3
2478,img_2479,3
2479,img_2480,3
2480,img_2481,3
2481,img_2482,3
2482,img_2483,3
2483,img_2484,3
2484,img_2485,3
2485,img_2486,3
2486,img_2487,3
2487,img_2488,3
2488,img_2489,3
2489,img_2490,3
2490,img_2491,3
2491,img_2492,3
2492,img_2493,3
2493,img_2494,3
2494,img_2495,3
2495,img_2496,3
2496,img_2497,3
2497,img_2498,3
2498,img_2499,3
2499,img_2500,3
2500,img_2501,3
2501,img_2502,3
2502,img_2503,3
2503,img_2504,3
2504,img_2505,3
2505,img_2506,3
2506,img_2507,3
2507,img_2508,3
2508,img_2509,3
2509,img_2510,3
2510,img_2511,3
2511,img_2512,3
2512,img_2513,3
2513,img_2514,3
2514,img_2515,3
2515,img_2516,3
2516,img_2517,3
2517,img_2518,3
2518,img_2519,3
2519,img_2520,3
2520,img_2521,3
2521,img_2522,3
2522,img_2523,3
2523,img_2524,3
2524,img_2525,3
2525,img_2526,3
2526,img_2527,3
2527,img_2528,3
2528,img_2529,3
2529,img_2530,3
2530,img_2531,3
2531,img_2532,3
2532,img_2533,3
2533,img_2534,3
2534,img_2535,3
2535,img_2536,3
2536,img_2537,3
2537,img_2538,3
2538,img_2539,3
2539,img_2540,3
2540,img_2541,3
2541,img_2542,3
2542,img_2543,3
2543,img_2544,3
2544,img_2545,3
2545,img_2546,3
2546,img_2547,3
2547,img_2548,3
2548,img_2549,3
2549,img_2550,3
2550,img_2551,3
2551,img_2552,3
2552,img_2553,3
2553,img_2554,3
2554,img_2555,3
2555,img_2556,3
2556,img_2557,3
2557,img_2558,3
2558,img_2559,3
2559,img_2560,3
2560,img_2561,3
2561,img_2562,3
2562,img_2563,3
2563,img_2564,3
2564,img_2565,3
2565,img_2566,3
2566,img_2567,3
2567,img_2568,3
2568,img_2569,3
2569,img_2570,3
2570,img_2571,3
2571,img_2572,3
2572,img_2573,3
2573,img_2574,3
2574,img_2575,3
2575,img_2576,3
2576,img_2577,3
2577,img_2578,3
2578,img_2579,3
2579,img_2580,3
2580,img_2581,3
2581,img_2582,3
2582,img_2583,3
2583,img_2584,3
2584,img_2585,3
2585,img_2586,3
2586,img_2587,3
2587,img_2588,3
2588,img_2589,3
2589,img_2590,3
2590,img_2591,3
2591,img_2592,3
2592,img_2593,3
2593,img_2594,3
2594,img_2595,3
2595,img_2596,3
2596,img_2597,3
2597,img_2598,3
2598,img_2599,3
2599,img_2600,3
2600,img_2601,3
2601,img_2602,3
2602,img_2603,3
2603,img_2604,3
2604,img_2605,3
2605,img_2606,3
2606,img_2607,3
2607,img_2608,3
2608,img_2609,3
2609,img_2610,3
2610,img_2611,3
2611,img_2612,3
2612,img_2613,3
2613,img_2614,3
2614,img_2615,3
2615,img_2616,3
2616,img_2617,3
2617,img_2618,3
2618,img_2619,3
2619,img_2620,3
2620,img_2621,3
2621,img_2622,3
2622,img_2623,3
2623,img_2624,3
2624,img_2625,3
2625,img_2626,3
2626,img_2627,3
2627,img_2628,3
2628,img_2629,3
2629,img_2630,3
2630,img_2631,3
2631,img_2632,3
2632,img_2633,3
2633,img_2634,3
2634,img_2635,3
2635,img_2636,3
2636,img_2637,3
2637,img_2638,3
2638,img_2639,3
2639,img_2640,3
2640,img_2641,3
2641,img_2642,3
2642,img_2643,3
2643,img_2644,3
2644,img_2645,3
2645,img_2646,3
2646,img_2647,3
2647,img_2648,3
2648,img_2649,3
2649,img_2650,3
2650,img_2651,3
2651,img_2652,3
2652,img_2653,3
2653,img_2654,3
2654,img_2655,3
2655,img_2656,3
2656,img_2657,3
2657,img_2658,3
2658,img_2659,3
2659,img_2660,3
2660,img_2661,3
2661,img_2662,3
2662,img_2663,3
2663,img_2664,3
2664,img_2665,3
2665,img_2666,3
2666,img_2667,3
2667,img_2668,3
2668,img_2669,3
2669,img_2670,3
2670,img_2671,3
2671,img_2672,3
2672,img_2673,3
2673,img_2674,3
2674,img_2675,3
2675,img_2676,3
2676,img_2677,3
2677,img_2678,3
2678,img_2679,3
2679,img_2680,3
2680,img_2681,3
2681,img_2682,3
2682,img_2683,3
2683,img_2684,3
2684,img_2685,3
2685,img_2686,3
2686,img_2687,3
2687,img_2688,3
2688,img_2689,3
2689,img_2690,3
2690,img_2691,3
2691,img_2692,3
2692,img_2693,3
2693,img_2694,3
2694,img_2695,3
2695,img_2696,3
2696,img_2697,3
2697,img_2698,3
2698,img_2699,3
2699,img_2700,3
2700,img_2701,3
2701,img_2702,3
2702,img_2703,3
2703,img_2704,3
2704,img_2705,3
2705,img_2706,3
2706,img_2707,3
2707,img_2708,3
2708,img_2709,3
2709,img_2710,3
2710,img_2711,3
2711,img_2712,3
2712,img_2713,3
2713,img_2714,3
2714,img_2715,3
2715,img_2716,3
2716,img_2717,3
2717,img_2718,3
2718,img_2719,3
2719,img_2720,3
2720,img_2721,3
2721,img_2722,3
2722,img_2723,3
2723,img_2724,3
2724,img_2725,3
2725,img_2726,3
2726,img_2727,3
2727,img_2728,3
2728,img_2729,3
2729,img_2730,3
2730,img_2731,3
2731,img_2732,3
2732,img_2733,3
2733,img_2734,3
2734,img_2735,3
2735,img_2736,3
2736,img_2737,3
2737,img_2738,3
2738,img_2739,3
2739,img_2740,3
2740,img_2741,3
2741,img_2742,3
2742,img_2743,3
2743,img_2744,3
2744,img_2745,3
2745,img_2746,3
2746,img_2747,3
2747,img_2748,3
2748,img_2749,3
2749,img_2750,3
2750,img_2751,3
2751,img_2752,3
2752,img_2753,3
2753,img_2754,3
2754,img_2755,3
2755,img_2756,3
2756,img_2757,3
2757,img_2758,3
2758,img_2759,3
2759,img_2760,3
2760,img_2761,3
2761,img_2762,3
2762,img_2763,3
2763,img_2764,3
2764,img_2765,3
2765,img_2766,3
2766,img_2767,3
2767,img_2768,3
2768,img_2769,3
2769,img_2770,3
2770,img_2771,3
2771,img_2772,3
2772,img_2773,3
2773,img_2774,3
2774,img_2775,3
2775,img_2776,3
2776,img_2777,3
2777,img_2778,3
2778,img_2779,3
2779,img_2780,3
2780,img_2781,3
2781,img_2782,3
2782,img_2783,3
2783,img_2784,3
2784,img_2785,3
2785,img_2786,3
2786,img_2787,3
2787,img_2788,3
2788,img_2789,3
2789,img_2790,3
2790,img_2791,3
2791,img_2792,3
2792,img_2793,3
2793,img_2794,3
2794,img_2795,3
2795,img_2796,3
2796,img_2797,3
2797,img_2798,3
2798,img_2799,3
2799,img_2800,3
2800,img_2801,3
2801,img_2802,3
2802,img_2803,3
2803,img_2804,3
2804,img_2805,3
2805,img_2806,3
2806,img_2807,3
2807,img_2808,3
2808,img_2809,3
2809,img_2810,3
2810,img_2811,3
2811,img_2812,3
2812,img_2813,3
2813,img_2814,3
2814,img_2815,3
2815,img_2816,3
2816,img_2817,3
2817,img_2818,3
2818,img_2819,3
2819,img_2820,3
2820,img_2821,3
2821,img_2822,3
2822,img_2823,3
2823,img_2824,3
2824,img_2825,3
2825,img_2826,3
2826,img_2827,3
2827,img_2828,3
2828,img_2829,3
2829,img_2830,3
2830,img_2831,3
2831,img_2832,3
2832,img_2833,3
2833,img_2834,3
2834,img_2835,3
2835,img_2836,3
2836,img_2837,3
2837,img_2838,3
2838,img_2839,3
2839,img_2840,3
2840,img_2841,3
2841,img_2842,3
2842,img_2843,3
2843,img_2844,3
2844,img_2845,3
2845,img_2846,3
2846,img_2847,3
2847,img_2848,3
2848,img_2849,3
2849,img_2850,3
2850,img_2851,3
2851,img_2852,3
2852,img_2853,3
2853,img_2854,3
2854,img_2855,3
2855,img_2856,3
2856,img_2857,3
2857,img_2858,3
2858,img_2859,3
2859,img_2860,3
2860,img_2861,3
2861,img_2862,3
2862,img_2863,3
2863,img_2864,3
2864,img_2865,3
2865,img_2866,3
2866,img_2867,3
2867,img_2868,3
2868,img_2869,3
2869,img_2870,3
2870,img_2871,3
2871,img_2872,3
2872,img_2873,3
2873,img_2874,3
2874,img_2875,3
2875,img_2876,3
2876,img_2877,3
2877,img_2878,3
2878,img_2879,3
2879,img_2880,3
2880,img_2881,3
2881,img_2882,3
2882,img_2883,3
2883,img_2884,3
2884,img_2885,3
2885,img_2886,3
2886,img_2887,3
2887,img_2888,3
2888,img_2889,3
2889,img_2890,3
2890,img_2891,3
2891,img_2892,3
2892,img_2893,3
2893,img_2894,3
2894,img_2895,3
2895,img_2896,3
2896,img_2897,3
2897,img_2898,3
2898,img_2899,3
2899,img_2900,3
2900,img_2901,3
2901,img_2902,3
2902,img_2903,3
2903,img_2904,3
2904,img_2905,3
2905,img_2906,3
2906,img_2907,3
2907,img_2908,3
2908,img_2909,3
2909,img_2910,3
2910,img_2911,3
2911,img_2912,3
2912,img_2913,3
2913,img_2914,3
2914,img_2915,3
2915,img_2916,3
2916,img_2917,3
2917,img_2918,3
2918,img_2919,3
2919,img_2920,3
2920,img_2921,3
2921,img_2922,3
2922,img_2923,3
2923,img_2924,3
2924,img_2925,3
2925,img_2926,3
2926,img_2927,3
2927,img_2928,3
2928,img_2929,3
2929,img_2930,3
2930,img_2931,3
2931,img_2932,3
2932,img_2933,3
2933,img_2934,3
2934,img_2935,3
2935,img_2936,3
2936,img_2937,3
2937,img_2938,3
2938,img_2939,3
2939,img_2940,3
2940,img_2941,3
2941,img_2942,3
2942,img_2943,3
2943,img_2944,3
2944,img_2945,3
2945,img_2946,3
2946,img_2947,3
2947,img_2948,3
2948,img_2949,3
2949,img_2950,3
2950,img_2951,3
2951,img_2952,3
2952,img_2953,3
2953,img_2954,3
2954,img_2955,3
2955,img_2956,3
2956,img_2957,3
2957,img_2958,3
2958,img_2959,3
2959,img_2960,3
2960,img_2961,3
2961,img_2962,3
2962,img_2963,3
2963,img_2964,3
2964,img_2965,3
2965,img_2966,3
2966,img_2967,3
2967,img_2968,3
2968,img_2969,3
2969,img_2970,3
2970,img_2971,3
2971,img_2972,3
2972,img_2973,3
2973,img_2974,3
2974,img_2975,3
2975,img_2976,3
2976,img_2977,3
2977,img_2978,3
2978,img_2979,3
2979,img_2980,3
2980,img_2981,3
2981,img_2982,3
2982,img_2983,3
2983,img_2984,3
2984,img_2985,3
2985,img_2986,3
2986,img_2987,3
2987,img_2988,3
2988,img_2989,3
2989,img_2990,3
2990,img_2991,3
2991,img_2992,3
2992,img_2993,3
2993,img_2994,3
2994,img_2995,3
2995,img_2996,3
2996,img_2997,3
2997,img_2998,3
2998,img_2999,3
2999,img_3000,3
